id,slug,name,pack_size,mrp_inr,category,category_slug,description,ingredients_as_listed,image,product_folder,notes
NB-001,kaju-katli-250g,Kaju Katli,250 gms,385,Sweets (delivery 12-24 Hrs),sweets,"Classic thin-cut cashew fudge made with just kaju, sugar and a touch of cardamom - soft, smooth and melt-in-the-mouth.","Kaju, sugar & cardamom",images/kaju-katli-250g.jpg,products/kaju-katli-250g/,
NB-002,desi-mamra-badam-katli-250g,Desi Mamra Badam Katli,250 gms,625,Sweets (delivery 12-24 Hrs),sweets,Rich almond katli made from Kashmiri mamra badam and unrefined khand - no refined sugar.,Desi Mamra Badam & Khand,images/desi-mamra-badam-katli-250g.jpg,products/desi-mamra-badam-katli-250g/,
NB-003,desi-mamra-badam-halwa-250g,Desi Mamra Badam Halwa,250 gms,550,Sweets (delivery 12-24 Hrs),sweets,Slow-roasted almond halwa of desi mamra badam finished with kesar and ghee.,"Desi Mamra Badam, Kesar, Ghee…",images/desi-mamra-badam-halwa-250g.jpg,products/desi-mamra-badam-halwa-250g/,
NB-004,mamra-badam-anjeer-barfi-250g,Mamra Badam Anjeer Barfi,250 gms,700,Sweets (delivery 12-24 Hrs),sweets,"Dense, fruit-and-nut barfi of mamra almonds and anjeer (figs) with a hint of saffron.","Desi mamra badam, Anjeer, Saffron…",images/mamra-badam-anjeer-barfi-250g.jpg,products/mamra-badam-anjeer-barfi-250g/,
NB-005,badam-sunflower-250g,Badam Sunflower,250 gms,700,Sweets (delivery 12-24 Hrs),sweets,"Sunflower-shaped dry-fruit sweet layered with kaju, badam, pista and anjeer.","Kaju, Badam, Pista, Anjeer, Kesar…",images/badam-sunflower-250g.jpg,products/badam-sunflower-250g/,
NB-006,kaju-dry-fruit-barfi-250g,Kaju Dry Fruit Barfi,250 gms,550,Sweets (delivery 12-24 Hrs),sweets,"Cashew barfi loaded with mixed dry fruits, sweetened with sugar and honey.","Dry Fruits, Sugar & Honey",images/kaju-dry-fruit-barfi-250g.jpg,products/kaju-dry-fruit-barfi-250g/,
NB-007,kaju-dry-fruit-gillori-250g,Kaju Dry Fruit Gillori,250 gms,650,Sweets (delivery 12-24 Hrs),sweets,"Paan-shaped kaju gillori stuffed with dry fruits, honey and saffron.","Dry Fruits, Honey, Sugar, Saffron…",images/kaju-dry-fruit-gillori-250g.jpg,products/kaju-dry-fruit-gillori-250g/,
NB-008,kaju-new-dry-fruit-gillori-250g,Kaju New Dry Fruit Gillori,250 gms,600,Sweets (delivery 12-24 Hrs),sweets,The new-style kaju gillori - a dry-fruit filling folded into a delicate cashew wrap.,"Dry Fruits, Honey, Sugar, Kesar…",images/kaju-new-dry-fruit-gillori-250g.jpg,products/kaju-new-dry-fruit-gillori-250g/,
NB-009,kaju-pista-rangeela-250g,Kaju Pista Rangeela,250 gms,550,Sweets (delivery 12-24 Hrs),sweets,Colourful layered kaju-pista rolls with honey and cardamom.,"Dry Fruits, Honey, Sugar & Cardamom…",images/kaju-pista-rangeela-250g.jpg,products/kaju-pista-rangeela-250g/,
NB-010,kaju-pista-surai-250g,Kaju Pista Surai,250 gms,550,Sweets (delivery 12-24 Hrs),sweets,Surai-shaped kaju sweets with a pista heart and a whisper of saffron.,"Kaju, Pista, Sugar, saffron & Cardamom…",images/kaju-pista-surai-250g.jpg,products/kaju-pista-surai-250g/,
NB-011,kaju-anjeer-roll-250g,Kaju Anjeer Roll,250 gms,412.5,Sweets (delivery 12-24 Hrs),sweets,Cashew rolls wrapped around a soft anjeer (fig) centre.,"Kaju, Anjeer, Sugar, Kesar & Cardamom…",images/kaju-anjeer-roll-250g.jpg,products/kaju-anjeer-roll-250g/,
NB-012,kaju-delight-assorted-250g,Kaju Delight (Assorted),250 gms,600,Sweets (delivery 12-24 Hrs),sweets,An assorted box of the house kaju sweets - a mix of shapes and fillings in one pack.,"Dry Fruits, Sugar, Honey, Saffron…",images/kaju-delight-assorted-250g.jpg,products/kaju-delight-assorted-250g/,
NB-013,kaju-kali-250g,Kaju Kali,250 gms,650,Sweets (delivery 12-24 Hrs),sweets,"Bud-shaped kaju sweets ('kali') with dry fruits, honey and saffron.","Dry Fruits, Honey, Sugar, Saffron…",images/kaju-kali-250g.jpg,products/kaju-kali-250g/,
NB-014,anjeer-dry-fruit-roll-250g,Anjeer Dry Fruit Roll,250 gms,900,Sweets (delivery 12-24 Hrs),sweets,"No-frills fig-and-nut roll rolled in poppy seeds - dense, chewy and rich.","Dry Fruits, Poppy Seeds & Sugar",images/anjeer-dry-fruit-roll-250g.jpg,products/anjeer-dry-fruit-roll-250g/,
NB-015,anjeer-king-250g,Anjeer King,250 gms,900,Sweets (delivery 12-24 Hrs),sweets,The signature anjeer sweet - packed fig discs crowned with dry fruits.,"Dry Fruits, Poppy Seeds & Sugar",images/anjeer-king-250g.jpg,products/anjeer-king-250g/,
NB-016,dry-fruit-laddu-250g,Dry Fruit Laddu,250 gms,395,Sweets (delivery 12-24 Hrs),sweets,Round dry-fruit laddus bound with ghee and rolled in poppy seeds.,"Dry Fruits, Poppy Seeds, Ghee…",images/dry-fruit-laddu-250g.jpg,products/dry-fruit-laddu-250g/,
NB-017,gond-dry-fruit-laddu-250g,Gond Dry Fruit Laddu,250 gms,245,Sweets (delivery 12-24 Hrs),sweets,"Traditional gond laddu with wheat flour, dry fruits and coconut - a winter strength staple.","Wheat Flour, Dry Fruits, Coconut…",images/gond-dry-fruit-laddu-250g.jpg,products/gond-dry-fruit-laddu-250g/,
NB-018,dry-fruit-choco-delight-250g,Dry Fruit Choco Delight,250 gms,650,Sweets (delivery 12-24 Hrs),sweets,Chocolatey dry-fruit bites made with cocoa and khand instead of refined sugar.,"Dry Fruits, Cocoa Powder, Khand…",images/dry-fruit-choco-delight-250g.jpg,products/dry-fruit-choco-delight-250g/,
NB-019,seeds-delight-no-sugar-no-jaggery-250g,Seeds Delight (no sugar no jaggery),250 gms,300,Sweets (delivery 12-24 Hrs),sweets,Sugar-free and jaggery-free seed bars - multi seeds and peanuts bound only with khajoor (dates).,"Multi Seeds, Peanut & Khajoor",images/seeds-delight-no-sugar-no-jaggery-250g.jpg,products/seeds-delight-no-sugar-no-jaggery-250g/,
NB-020,mava-delight-assorted,Mava Delight (Assorted),Assorted box,1600,Sweets (delivery 12-24 Hrs),sweets,A premium assorted box of the house mava sweets made on desi cow milk.,"Desi Cow Milk, Sugar, Saffron…",images/mava-delight-assorted.jpg,products/mava-delight-assorted/,
NB-021,mava-chocolate-barfi-250g,Mava Chocolate Barfi,250 gms,400,Sweets (delivery 12-24 Hrs),sweets,"Two-layer mava barfi with a chocolate top, made on desi cow milk with almonds.","Desi Cow Milk, Sugar, Almond…",images/mava-chocolate-barfi-250g.jpg,products/mava-chocolate-barfi-250g/,App also lists 'Mava Choco Barfi' - possibly the same SKU; verify.
NB-022,mava-choco-barfi-250g,Mava Choco Barfi,250 gms,400,Sweets (delivery 12-24 Hrs),sweets,Cocoa-flavoured mava barfi on a desi cow milk base.,"Desi Cow Milk, Cocoa Powder…",images/mava-choco-barfi-250g.jpg,products/mava-choco-barfi-250g/,Possibly a duplicate of 'Mava Chocolate Barfi' - verify before publishing.
NB-023,mava-flower-250g,Mava Flower,250 gms,400,Sweets (delivery 12-24 Hrs),sweets,Flower-moulded mava peda with kesar and dry fruits.,"Desi Cow Milk, Sugar, Kesar, Dry Fruits…",images/mava-flower-250g.jpg,products/mava-flower-250g/,
NB-024,mava-gillori-250g,Mava Gillori,250 gms,400,Sweets (delivery 12-24 Hrs),sweets,"Soft mava gilloris on desi cow milk, perfumed with kesar and cardamom.","Desi cow milk, sugar, Kesar, Cardamom…",images/mava-gillori-250g.jpg,products/mava-gillori-250g/,
NB-025,mava-shimla-roll-250g,Mava Shimla Roll,250 gms,400,Sweets (delivery 12-24 Hrs),sweets,Mava rolls with a dry-fruit filling - the house take on the Shimla-style roll.,"Desi Cow Milk, Sugar, Kesar, Dry Fruits…",images/mava-shimla-roll-250g.jpg,products/mava-shimla-roll-250g/,
NB-026,special-khoa-250g,Special Khoa,250 gms,200,Sweets (delivery 12-24 Hrs),sweets,"Fresh khoa slow-thickened from desi cow milk, lightly sweetened with jaggery.","Desi Cow Milk, Jaggery & Cardamom…",images/special-khoa-250g.jpg,products/special-khoa-250g/,
NB-027,peda-desi-cow-milk-250g,Peda (Desi Cow Milk),250 gms,220,Sweets (delivery 12-24 Hrs),sweets,Hand-pressed pedas made on pure desi cow milk with cardamom.,"Desi Cow Milk, Sugar & Cardamom…",images/peda-desi-cow-milk-250g.jpg,products/peda-desi-cow-milk-250g/,
NB-028,mango-kalakand-250g,Mango Kalakand,250 gms,300,Sweets (delivery 12-24 Hrs),sweets,Seasonal kalakand folding real mango into fresh desi cow milk chenna.,"Made with Desi Cow Milk, Mango…",images/mango-kalakand-250g.jpg,products/mango-kalakand-250g/,
NB-029,ajmeri-kalakand-jaggery-250g,Ajmeri Kalakand (jaggery),250 gms,240,Sweets (delivery 12-24 Hrs),sweets,"Grainy Ajmeri-style kalakand sweetened with jaggery, not sugar.","Desi cow milk, jaggery, ghee…",images/ajmeri-kalakand-jaggery-250g.jpg,products/ajmeri-kalakand-jaggery-250g/,
NB-030,jaggery-sandesh-250g,Jaggery Sandesh,250 gms,300,Sweets (delivery 12-24 Hrs),sweets,Bengali-style sandesh made on desi cow milk and jaggery.,"Desi cow milk, jaggery & cardamom…",images/jaggery-sandesh-250g.jpg,products/jaggery-sandesh-250g/,
NB-031,jaggery-jalebi-250g,Jaggery Jalebi,250 gms,225,Sweets (delivery 12-24 Hrs),sweets,"Whole-wheat jalebis fermented with curd, fried in ghee and soaked in jaggery syrup.","Wheat flour, curd, jaggery & ghee…",images/jaggery-jalebi-250g.jpg,products/jaggery-jalebi-250g/,
NB-032,gulab-jamun-250g,Gulab Jamun,250 gms,240,Sweets (delivery 12-24 Hrs),sweets,Soft khoya gulab jamuns made on desi cow milk with only a small portion of maida.,"Desi Cow Milk, Sugar, a small portion of maida…",images/gulab-jamun-250g.jpg,products/gulab-jamun-250g/,
NB-033,rasgulla-1pc,Rasgulla,1 pc,40,Sweets (delivery 12-24 Hrs),sweets,Spongy rasgulla made fresh from desi cow milk chenna. Sold per piece.,Desi cow milk & sugar,images/rasgulla-1pc.jpg,products/rasgulla-1pc/,
NB-034,rasmalai-1pc,Rasmalai,1 pc,45,Sweets (delivery 12-24 Hrs),sweets,Chenna discs soaked in kesar-pista thickened milk. Sold per piece.,"Desi Cow Milk, Kesar, Pista, Badam…",images/rasmalai-1pc.jpg,products/rasmalai-1pc/,
NB-035,cham-cham-250g,Cham Cham,250 gms,240,Sweets (delivery 12-24 Hrs),sweets,Soft Bengali cham cham made from fresh desi cow milk chenna.,Desi cow milk & Sugar,images/cham-cham-250g.jpg,products/cham-cham-250g/,
NB-036,chena-toast-1pc,Chena Toast,1 pc,60,Sweets (delivery 12-24 Hrs),sweets,"Golden-toasted chenna sweet on desi cow milk, topped with kesar and pista. Sold per piece.","Desi Cow Milk, Sugar, Kesar, Pista…",images/chena-toast-1pc.jpg,products/chena-toast-1pc/,
NB-037,special-chena-mango-sweets-1pc,Special Chena Mango Sweets,1 pc,80,Sweets (delivery 12-24 Hrs),sweets,Mango-season special chenna sweet.,Made with fresh chenna & mango,images/special-chena-mango-sweets-1pc.jpg,products/special-chena-mango-sweets-1pc/,Available on order (as listed in app).
NB-038,nastro-blu-rabri-40ml-1-pc,Nastro Blu Rabri (40ml - 1 pc),40 ml (1 pc),32,Sweets (delivery 12-24 Hrs),sweets,"The signature slow-cooked rabri in a single-serve 40 ml cup - desi cow milk, pista and saffron.","Desi Cow Milk, Pista, Saffron…",images/nastro-blu-rabri-40ml-1-pc.jpg,products/nastro-blu-rabri-40ml-1-pc/,
NB-039,motichoor-laddu-250g,Motichoor Laddu,250 gms,245,Sweets (delivery 12-24 Hrs),sweets,Fine-pearl motichoor laddus fried in ghee.,"Chana Dal Flour, Sugar, Ghee…",images/motichoor-laddu-250g.jpg,products/motichoor-laddu-250g/,
NB-040,besan-laddu-250g,Besan Laddu,250 gms,150,Sweets (delivery 12-24 Hrs),sweets,"Home-style besan laddus - slow-roasted chana dal flour, ghee and sugar.","Chana Dal, Sugar & Ghee",images/besan-laddu-250g.jpg,products/besan-laddu-250g/,
NB-041,coconut-laddu-250g,Coconut Laddu,250 gms,200,Sweets (delivery 12-24 Hrs),sweets,"Fresh-coconut laddus with almond, sweetened with jaggery.","Fresh Coconut, Almond, Jaggery…",images/coconut-laddu-250g.jpg,products/coconut-laddu-250g/,
NB-042,sunni-laddu-250g,Sunni Laddu,250 gms,200,Sweets (delivery 12-24 Hrs),sweets,Andhra sunnundalu - roasted urad dal laddus with jaggery and cardamom.,"Urad Dal, Jaggery, Cardamom…",images/sunni-laddu-250g.jpg,products/sunni-laddu-250g/,
NB-043,jonna-laddu-jaggery-250g,Jonna Laddu (jaggery),250 gms,200,Sweets (delivery 12-24 Hrs),sweets,Jowar (sorghum) laddus with almond and jaggery - a millet-first sweet.,"White Jowar, Almond, Jaggery…",images/jonna-laddu-jaggery-250g.jpg,products/jonna-laddu-jaggery-250g/,
NB-044,ragi-laddu-250g,Ragi Laddu,250 gms,200,Sweets (delivery 12-24 Hrs),sweets,Ragi (finger millet) laddus with jaggery and ghee.,"Ragi, Jaggery & Ghee",images/ragi-laddu-250g.jpg,products/ragi-laddu-250g/,
NB-045,till-laddu-250g,Till Laddu,250 gms,190,Sweets (delivery 12-24 Hrs),sweets,"Winter classic til laddus - white sesame and jaggery, nothing else.",White Sesame & Jaggery,images/till-laddu-250g.jpg,products/till-laddu-250g/,
NB-046,tilli-chakki-250g,Tilli Chakki,250 gms,200,Sweets (delivery 12-24 Hrs),sweets,Crisp sesame chikki (tilli chakki) set in jaggery.,White Tilli & Jaggery,images/tilli-chakki-250g.jpg,products/tilli-chakki-250g/,
NB-047,peanut-chakki-250g,Peanut Chakki,250 gms,200,Sweets (delivery 12-24 Hrs),sweets,Crunchy peanut chikki set in jaggery - two ingredients only.,Peanut & Jaggery,images/peanut-chakki-250g.jpg,products/peanut-chakki-250g/,
NB-048,gajar-ka-halwa-250g,Gajar Ka Halwa,250 gms,275,Sweets (delivery 12-24 Hrs),sweets,Red-carrot halwa slow-cooked in desi cow milk.,"Red Carrot, Sugar, Desi Cow Milk…",images/gajar-ka-halwa-250g.jpg,products/gajar-ka-halwa-250g/,
NB-049,badusha-250g,Badusha,250 gms,200,Sweets (delivery 12-24 Hrs),sweets,"Flaky, syrup-glazed badusha topped with dry fruits.","Maida, Sugar, Ghee & Dry Fruits",images/badusha-250g.jpg,products/badusha-250g/,
NB-050,pista-barfi-250g,Pista Barfi,250 gms,1000,Sweets (delivery 12-24 Hrs),sweets,"Pure pistachio barfi - dense, vividly green and intensely nutty.","Pista, Sugar, Cardamom, White…",images/pista-barfi-250g.jpg,products/pista-barfi-250g/,
NB-051,pista-bhujia-250g,Pista Bhujia,250 gms,1000,Sweets (delivery 12-24 Hrs),sweets,"Delicate pistachio 'bhujia' strands with elaichi - a rich, festive treat.","Pista, Elaichi & Sugar",images/pista-bhujia-250g.jpg,products/pista-bhujia-250g/,
NB-052,dry-fruit-mixture-250g,Dry Fruit Mixture,250 gms,225,Snacks (delivery 12-24 Hrs),snacks,Crunchy namkeen mixture upgraded with dry fruits.,,images/dry-fruit-mixture-250g.jpg,products/dry-fruit-mixture-250g/,
NB-053,plain-mota-bhujia-250g,Plain Mota Bhujia,250 gms,175,Snacks (delivery 12-24 Hrs),snacks,"Thick-cut classic bhujia - plain, crisp and moreish.",,images/plain-mota-bhujia-250g.jpg,products/plain-mota-bhujia-250g/,
NB-054,masala-boondi-150g,Masala Boondi,150 gms,114,Snacks (delivery 12-24 Hrs),snacks,"Spiced boondi with peanuts, kaju and curry leaves.","Besan, Peanut, Kaju, Karo Patta…",images/masala-boondi-150g.jpg,products/masala-boondi-150g/,
NB-055,bhel-mixture-200g,Bhel Mixture,200 gms,120,Snacks (delivery 12-24 Hrs),snacks,"Ready bhel mix of murmura, peanuts and roasted dal - just add onion, tomato and chutney.","Murmura, Peanut, Futana Dal…",images/bhel-mixture-200g.jpg,products/bhel-mixture-200g/,
NB-056,janthikalu-250g,Janthikalu,250 gms,175,Snacks (delivery 12-24 Hrs),snacks,Andhra-style janthikalu (murukku) pressed from rice and chana dal flours.,"Rice Flour, Chana dal flour, Cold pressed oil…",images/janthikalu-250g.jpg,products/janthikalu-250g/,
NB-057,chekodi-250g,Chekodi,250 gms,175,Snacks (delivery 12-24 Hrs),snacks,Crunchy ring chekodi made with heritage Kumkumpoovu rice flour.,"Kumkumpoovu Rice Flour, White sesame…",images/chekodi-250g.jpg,products/chekodi-250g/,
NB-058,ragi-murkul-250g,Ragi Murkul,250 gms,190,Snacks (delivery 12-24 Hrs),snacks,"Ragi murukku - the classic crunch, made darker and earthier with finger millet.","Ragi flour, Chana Dal flour, Salt…",images/ragi-murkul-250g.jpg,products/ragi-murkul-250g/,
NB-059,bellam-gavvalu-250g,Bellam Gavvalu,250 gms,250,Snacks (delivery 12-24 Hrs),snacks,Andhra shell-shaped gavvalu glazed in bellam (jaggery) - a sweet-crunchy snack.,"Wheat flour, Jaggery, Ghee…",images/bellam-gavvalu-250g.jpg,products/bellam-gavvalu-250g/,
NB-060,phalli-pakoda-250g,Phalli Pakoda,250 gms,190,Snacks (delivery 12-24 Hrs),snacks,Crisp peanut pakoda - whole peanuts in a spiced chana dal crust.,"Peanut, Chana Dal flour, Salt, Red chilli…",images/phalli-pakoda-250g.jpg,products/phalli-pakoda-250g/,
NB-061,banana-chips-200g,Banana Chips,200 gms,168,Snacks (delivery 12-24 Hrs),snacks,"Thin-sliced raw banana chips, lightly salted with a red-chilli kick.","Fresh Raw Banana, salt, red chilli…",images/banana-chips-200g.jpg,products/banana-chips-200g/,
NB-062,appadalu-250g,Appadalu,250 gms,175,Snacks (delivery 12-24 Hrs),snacks,Sun-dried rice appadalu (papads) from single-polish Kumkumpoovu rice - fry till they bloom crisp.,Kumkumpoovu single polish rice…,images/appadalu-250g.jpg,products/appadalu-250g/,
NB-063,khapli-aata-swali-250g,Khapli Aata Swali,250 gms,240,Snacks (delivery 12-24 Hrs),snacks,Baked-crisp swali made from ancient khapli (emmer) wheat and cold-pressed oil.,"Khapli wheat flour, Cold Pressed oil…",images/khapli-aata-swali-250g.jpg,products/khapli-aata-swali-250g/,
NB-064,bansi-wheat-flour-1kg,Bansi Wheat Flour,1 kg,125,Naturally Grown Farm Products,farm-products,Stone-milled atta from Bansi wheat - a traditional variety known for taste and soft rotis.,,images/bansi-wheat-flour-1kg.jpg,products/bansi-wheat-flour-1kg/,
NB-065,khapli-wheat-flour-1kg,Khapli Wheat Flour,1 kg,145,Naturally Grown Farm Products,farm-products,"Atta from khapli (emmer), an ancient heirloom wheat - lower gluten, easier to digest.",Is an Ancient heirloom grain…,images/khapli-wheat-flour-1kg.jpg,products/khapli-wheat-flour-1kg/,
NB-066,paigambari-wheat-flour-1kg,Paigambari Wheat Flour,1 kg,165,Naturally Grown Farm Products,farm-products,"Atta from Paigambari wheat, an ancient heirloom grain prized for flavour.",Is an Ancient heirloom grain…,images/paigambari-wheat-flour-1kg.jpg,products/paigambari-wheat-flour-1kg/,
NB-067,white-jowar-aata-1kg,White Jowar Aata,1 kg,110,Naturally Grown Farm Products,farm-products,Fresh-milled white jowar (sorghum) flour for bhakri and rotla.,,images/white-jowar-aata-1kg.jpg,products/white-jowar-aata-1kg/,
NB-068,yellow-jowar-aata-1kg,Yellow Jowar Aata,1 kg,145,Naturally Grown Farm Products,farm-products,Yellow jowar flour - slightly sweeter and richer than white jowar.,,images/yellow-jowar-aata-1kg.jpg,products/yellow-jowar-aata-1kg/,
NB-069,bajra-aata-1kg,Bajra Aata,1 kg,150,Naturally Grown Farm Products,farm-products,Pearl millet (bajra) flour for winter rotlas and theplas.,,images/bajra-aata-1kg.jpg,products/bajra-aata-1kg/,
NB-070,ragi-aata-1kg,Ragi Aata,1 kg,120,Naturally Grown Farm Products,farm-products,"Finger millet (ragi) flour - calcium-rich, for dosa, mudde and rotis.",,images/ragi-aata-1kg.jpg,products/ragi-aata-1kg/,
NB-071,besan-1kg,Besan,1 kg,195,Naturally Grown Farm Products,farm-products,"Pure chana dal besan for pakoras, kadhi, cheela and laddus.",,images/besan-1kg.jpg,products/besan-1kg/,
NB-072,rice-1kg,Rice,1 kg,120,Naturally Grown Farm Products,farm-products,Everyday rice from the naturally grown farm range.,,images/rice-1kg.jpg,products/rice-1kg/,
NB-073,balaghat-chinnor-rice-1kg,Balaghat Chinnor Rice,1 kg,200,Naturally Grown Farm Products,farm-products,Heritage Chinnor rice from Balaghat - small aromatic grains that cook soft and fragrant.,,images/balaghat-chinnor-rice-1kg.jpg,products/balaghat-chinnor-rice-1kg/,
NB-074,yellow-jowar-1kg,Yellow Jowar,1 kg,120,Naturally Grown Farm Products,farm-products,"Whole yellow jowar grain - for bhakri flour, popping or slow-cooked porridge.",,images/yellow-jowar-1kg.jpg,products/yellow-jowar-1kg/,
NB-075,yellow-moong-dal-1kg,Yellow Moong Dal,1 kg,230,Naturally Grown Farm Products,farm-products,"Split yellow moong dal - light, quick-cooking and easy on the stomach.",,images/yellow-moong-dal-1kg.jpg,products/yellow-moong-dal-1kg/,
NB-076,masoor-dal-1kg,Masoor Dal,1 kg,230,Naturally Grown Farm Products,farm-products,"Whole masoor dal, directly from farmers.",,images/masoor-dal-1kg.jpg,products/masoor-dal-1kg/,
NB-077,urad-dal-1kg,Urad Dal,1 kg,230,Naturally Grown Farm Products,farm-products,"White urad dal for idli-dosa batters, dahi vada and dal makhani.",,images/urad-dal-1kg.jpg,products/urad-dal-1kg/,
NB-078,urad-dal-split-black-urad-1kg,Urad Dal (Split Black Urad),1 kg,230,Naturally Grown Farm Products,farm-products,Split black urad with skin - for chilka dal and authentic dal makhani.,,images/urad-dal-split-black-urad-1kg.jpg,products/urad-dal-split-black-urad-1kg/,
NB-079,black-whole-urad-500g,Black whole Urad,500 gms,115,Naturally Grown Farm Products,farm-products,Whole black urad - the base of true dal makhani.,,images/black-whole-urad-500g.jpg,products/black-whole-urad-500g/,
NB-080,toor-dal-500g,Toor Dal,500 gms,140,Naturally Grown Farm Products,farm-products,Farm-sourced toor (arhar) dal for everyday dal and sambar.,,images/toor-dal-500g.jpg,products/toor-dal-500g/,
NB-081,chana-dal-1kg,Chana Dal,1 kg,170,Naturally Grown Farm Products,farm-products,"Bold, even-sized chana dal from naturally grown chana.",,images/chana-dal-1kg.jpg,products/chana-dal-1kg/,
NB-082,futana-dal-500g,Futana Dal,500 gms,100,Naturally Grown Farm Products,farm-products,"Roasted gram (futana) - eat as is, or grind into chutney podi.",,images/futana-dal-500g.jpg,products/futana-dal-500g/,
NB-083,tuti-hari-moong-500g,Tuti Hari Moong,500 gms,120,Naturally Grown Farm Products,farm-products,"Whole green moong for sprouting, khichdi and dal.",,images/tuti-hari-moong-500g.jpg,products/tuti-hari-moong-500g/,
NB-084,kabuli-chola-500g,Kabuli Chola,500 gms,85,Naturally Grown Farm Products,farm-products,"Kabuli chana (chola) for chole, salads and hummus.",,images/kabuli-chola-500g.jpg,products/kabuli-chola-500g/,
NB-085,rajma-500g,Rajma,500 gms,85,Naturally Grown Farm Products,farm-products,Rajma sourced directly from farmers - creamy when slow-cooked.,Directly from farmers,images/rajma-500g.jpg,products/rajma-500g/,
NB-086,matar-500g,Matar,500 gms,80,Naturally Grown Farm Products,farm-products,"Dried matar (peas) for ragda, ghugni and curries.",,images/matar-500g.jpg,products/matar-500g/,
NB-087,chanoli-500g,Chanoli,500 gms,100,Naturally Grown Farm Products,farm-products,Chanoli from the naturally grown farm range.,,images/chanoli-500g.jpg,products/chanoli-500g/,Could not identify this item precisely from the screenshot - please review the description.
NB-088,peanut-1kg,Peanut,1 kg,250,Naturally Grown Farm Products,farm-products,"Raw shelled peanuts - roast, boil or press at home.",,images/peanut-1kg.jpg,products/peanut-1kg/,
NB-089,chia-seeds-200g,Chia Seeds,200 gms,160,Naturally Grown Farm Products,farm-products,"Chia seeds for soaking, smoothies and puddings.",,images/chia-seeds-200g.jpg,products/chia-seeds-200g/,
NB-090,flax-seeds-200g,Flax Seeds,200 gms,80,Naturally Grown Farm Products,farm-products,Whole flax seeds - roast and grind for omega-3-rich mukhwas and chutney.,,images/flax-seeds-200g.jpg,products/flax-seeds-200g/,
NB-091,sabja-seeds-200g,Sabja Seeds,200 gms,160,Naturally Grown Farm Products,farm-products,"Sabja (basil) seeds - soak for falooda, sherbets and summer coolers.",,images/sabja-seeds-200g.jpg,products/sabja-seeds-200g/,
NB-092,white-sesame-500g,White Sesame,500 gms,140,Naturally Grown Farm Products,farm-products,"Clean white sesame (til) for laddus, chikki and tadka.",,images/white-sesame-500g.jpg,products/white-sesame-500g/,
NB-093,black-sesame-500g,Black Sesame,500 gms,350,Naturally Grown Farm Products,farm-products,"Black sesame - deeper, nuttier til for chutney podi and baking.",,images/black-sesame-500g.jpg,products/black-sesame-500g/,
NB-094,jaggery-powder-500g,Jaggery Powder,500 gms,85,Naturally Grown Farm Products,farm-products,Free-flowing jaggery powder - swap it 1:1 for sugar in tea and baking.,,images/jaggery-powder-500g.jpg,products/jaggery-powder-500g/,
NB-095,jaggery-cubes-500g,Jaggery Cubes,500 gms,125,Naturally Grown Farm Products,farm-products,Bite-size jaggery cubes - easy portioning for tea and after meals.,,images/jaggery-cubes-500g.jpg,products/jaggery-cubes-500g/,
NB-096,jaggery-piece-1kg,Jaggery piece,1 kg,140,Naturally Grown Farm Products,farm-products,Traditional jaggery block made from naturally grown sugarcane.,,images/jaggery-piece-1kg.jpg,products/jaggery-piece-1kg/,
NB-097,desi-khand-500g,Desi Khand,500 gms,125,Naturally Grown Farm Products,farm-products,Unrefined desi khand from natural sugarcane juice - a cleaner alternative to white sugar.,Made from natural sugar cane juice…,images/desi-khand-500g.jpg,products/desi-khand-500g/,
NB-098,raw-honey-250g,Raw Honey,250 gms,200,Naturally Grown Farm Products,farm-products,"Raw, unprocessed honey - unheated and unfiltered.",,images/raw-honey-250g.jpg,products/raw-honey-250g/,
NB-099,raw-wild-honey-forest-500g,Raw Wild Honey (forest),500 gms,800,Naturally Grown Farm Products,farm-products,"Wild forest honey collected from natural hives - raw, unheated and intense.",,images/raw-wild-honey-forest-500g.jpg,products/raw-wild-honey-forest-500g/,
NB-100,gulkand-250g,Gulkand,250 gms,325,Naturally Grown Farm Products,farm-products,Cooling rose-petal gulkand made with desi roses and raw honey.,Made with desi rose & raw honey…,images/gulkand-250g.jpg,products/gulkand-250g/,
NB-101,tamarind-500g,Tamarind,500 gms,175,Naturally Grown Farm Products,farm-products,"Naturally grown tamarind - deseeded pulp blocks for rasam, sambar and chutneys.",It is Tamarind Variety grown in…,images/tamarind-500g.jpg,products/tamarind-500g/,
NB-102,turmeric-powder-500g,Turmeric Powder,500 gms,225,Naturally Grown Farm Products,farm-products,Ground turmeric from naturally grown rhizomes - deep colour and aroma.,,images/turmeric-powder-500g.jpg,products/turmeric-powder-500g/,
NB-103,red-chilli-powder-250g,Red Chilli Powder,250 gms,150,Naturally Grown Farm Products,farm-products,"Sun-dried red chillies, ground fresh.",,images/red-chilli-powder-250g.jpg,products/red-chilli-powder-250g/,
NB-104,sabut-dhaniya-250g,Sabut Dhaniya,250 gms,90,Naturally Grown Farm Products,farm-products,Whole coriander seeds - roast and grind for the freshest dhaniya powder.,,images/sabut-dhaniya-250g.jpg,products/sabut-dhaniya-250g/,
NB-105,jeera-250g,Jeera,250 gms,200,Naturally Grown Farm Products,farm-products,Naturally grown cumin - plump seeds with strong aroma.,Naturally grown,images/jeera-250g.jpg,products/jeera-250g/,
NB-106,palakudi-cardamom-25g,Palakudi Cardamom,25 gms,250,Kerala Naturally Grown Product,kerala-spices-teas,"Bold green cardamom from Palakudi, Kerala - intensely aromatic pods.",,images/palakudi-cardamom-25g.jpg,products/palakudi-cardamom-25g/,
NB-107,idukki-grown-clove-50g,Idukki grown Clove,50 gms,200,Kerala Naturally Grown Product,kerala-spices-teas,Cloves grown in Idukki's spice hills - oil-rich and sharp.,,images/idukki-grown-clove-50g.jpg,products/idukki-grown-clove-50g/,
NB-108,idukki-nutmeg-without-shell-20g,Idukki Nutmeg without shell,20 gms,65,Kerala Naturally Grown Product,kerala-spices-teas,"Shelled whole nutmeg from Idukki - grate fresh over milk, sweets and bakes.",,images/idukki-nutmeg-without-shell-20g.jpg,products/idukki-nutmeg-without-shell-20g/,
NB-109,neelamundi-black-pepper-50g,Neelamundi Black Pepper,50 gms,125,Kerala Naturally Grown Product,kerala-spices-teas,High-range Neelamundi black pepper - bold berries with real bite.,,images/neelamundi-black-pepper-50g.jpg,products/neelamundi-black-pepper-50g/,
NB-110,bay-leaves-50g,Bay Leaves,50 gms,140,Kerala Naturally Grown Product,kerala-spices-teas,Whole dried bay leaves (tej patta) from Kerala.,,images/bay-leaves-50g.jpg,products/bay-leaves-50g/,
NB-111,star-anise-25g,Star Anise,25 gms,75,Kerala Naturally Grown Product,kerala-spices-teas,"Whole star anise for biryani, garam masala and slow braises.",,images/star-anise-25g.jpg,products/star-anise-25g/,
NB-112,true-cinnamon-ceylon-25g,True Cinnamon (ceylon),25 gms,200,Kerala Naturally Grown Product,kerala-spices-teas,"True Ceylon cinnamon - thin, papery quills, sweeter and gentler than cassia.",,images/true-cinnamon-ceylon-25g.jpg,products/true-cinnamon-ceylon-25g/,
NB-113,green-leaf-tea-50g,Green Leaf Tea,50 gms,250,Kerala Naturally Grown Product,kerala-spices-teas,"Whole-leaf green tea from Kerala's high ranges - light, grassy and fresh.",,images/green-leaf-tea-50g.jpg,products/green-leaf-tea-50g/,
NB-114,orthodox-black-tea-100gms,Orthodox Black Tea,100 gms,120,Kerala Naturally Grown Product,kerala-spices-teas,"Orthodox whole-leaf black tea - brisk and bright, best without milk.",,images/orthodox-black-tea-100gms.jpg,products/orthodox-black-tea-100gms/,
NB-115,lavender-tea-50g,Lavender Tea,50 gms,150,Kerala Naturally Grown Product,kerala-spices-teas,"Fragrant lavender tisane for calm, caffeine-light evenings.",,images/lavender-tea-50g.jpg,products/lavender-tea-50g/,
NB-116,masala-tea-100gms,Masala Tea,100 gms,200,Kerala Naturally Grown Product,kerala-spices-teas,Black tea pre-blended with whole spices - a ready masala chai base.,,images/masala-tea-100gms.jpg,products/masala-tea-100gms/,
NB-117,essential-curry-masala-100gms,Essential Curry Masala,100 gms,260,Kerala Naturally Grown Product,kerala-spices-teas,"The one everyday curry masala - a balanced Kerala-spice blend for vegetables, dals and gravies.",,images/essential-curry-masala-100gms.jpg,products/essential-curry-masala-100gms/,
NB-118,desi-mamra-badam-250g,Desi Mamra Badam,250 gms,550,Kashmiri Dry Fruits & More,kashmiri-dry-fruits,"True Kashmiri mamra almonds - small, curved, oil-rich kernels, naturally grown.",Naturally grown directly from Kashmir…,images/desi-mamra-badam-250g.jpg,products/desi-mamra-badam-250g/,
NB-119,anjeer-fig-250g,Anjeer (Fig),250 gms,450,Kashmiri Dry Fruits & More,kashmiri-dry-fruits,"Sun-dried anjeer (figs) - soft, honeyed rounds, naturally grown.",Naturally grown & directly from…,images/anjeer-fig-250g.jpg,products/anjeer-fig-250g/,
NB-120,walnuts-250g,Walnuts,250 gms,500,Kashmiri Dry Fruits & More,kashmiri-dry-fruits,"Kashmiri walnut kernels - fresh, pale halves without bitterness.",Naturally grown & directly from…,images/walnuts-250g.jpg,products/walnuts-250g/,
NB-121,apricot-250g,Apricot,250 gms,225,Kashmiri Dry Fruits & More,kashmiri-dry-fruits,"Dried apricots from Kashmir - chewy, tangy-sweet and preservative-free.",Naturally grown & directly from…,images/apricot-250g.jpg,products/apricot-250g/,
NB-122,saffron-1g,Saffron,1 gm,450,Kashmiri Dry Fruits & More,kashmiri-dry-fruits,"Kashmiri saffron, naturally soil-grown - deep-red threads with powerful aroma.",Naturally soil grown & directly from…,images/saffron-1g.jpg,products/saffron-1g/,
NB-123,kashmiri-single-clove-garlic-50g,Kashmiri Single Clove Garlic,50 gms,80,Kashmiri Dry Fruits & More,kashmiri-dry-fruits,Single-clove (snow mountain) garlic from Kashmir - prized in traditional wellness routines.,Naturally grown & directly from…,images/kashmiri-single-clove-garlic-50g.jpg,products/kashmiri-single-clove-garlic-50g/,
NB-124,kashmiri-lal-mirchi-250g,Kashmiri Lal Mirchi,250 gms,215,Kashmiri Dry Fruits & More,kashmiri-dry-fruits,Kashmiri lal mirchi - famous for vivid red colour and gentle heat.,,images/kashmiri-lal-mirchi-250g.jpg,products/kashmiri-lal-mirchi-250g/,
NB-125,konkan-cashew-250g,Konkan Cashew,250 gms,425,Kashmiri Dry Fruits & More,kashmiri-dry-fruits,Plump whole cashews from the Konkan coast.,,images/konkan-cashew-250g.jpg,products/konkan-cashew-250g/,
NB-126,paneer-200g,Paneer,200 gms,240,Dairy Products,dairy,Fresh paneer made from desi cow milk. Made to order.,Made with Desi Cow Milk. Available on order…,images/paneer-200g.jpg,products/paneer-200g/,
NB-127,desi-cow-ghee-250g,Desi Cow Ghee,250 gms,950,Dairy Products,dairy,"Golden desi cow ghee, slow-made from desi cow milk.",,images/desi-cow-ghee-250g.jpg,products/desi-cow-ghee-250g/,
NB-128,peanut-cold-pressed-oil-1l,Peanut Cold Pressed Oil,1 litre,430,Cold Pressed Oil,cold-pressed-oils,"Cold-pressed (kachi ghani) peanut oil - unrefined, nutty and great for everyday cooking.",,images/peanut-cold-pressed-oil-1l.jpg,products/peanut-cold-pressed-oil-1l/,
NB-129,white-sesame-cold-pressed-oil-1l,White Sesame Cold Pressed Oil,1 litre,700,Cold Pressed Oil,cold-pressed-oils,Cold-pressed white sesame (til) oil - traditional flavour for cooking and self-care.,,images/white-sesame-cold-pressed-oil-1l.jpg,products/white-sesame-cold-pressed-oil-1l/,
NB-130,safflower-kardi-cold-pressed-oil-1l,Safflower (Kardi) Cold Pressed Oil,1 litre,580,Cold Pressed Oil,cold-pressed-oils,"Cold-pressed safflower (kardi) oil - light and neutral, suited to heart-conscious kitchens.",,images/safflower-kardi-cold-pressed-oil-1l.jpg,products/safflower-kardi-cold-pressed-oil-1l/,
NB-131,coconut-cold-pressed-oil-1l,Coconut Cold Pressed Oil,1 litre,820,Cold Pressed Oil,cold-pressed-oils,"Cold-pressed coconut oil from fresh copra - for cooking, hair and skin.",,images/coconut-cold-pressed-oil-1l.jpg,products/coconut-cold-pressed-oil-1l/,
NB-132,mustard-cold-pressed-oil-1l,Mustard Cold Pressed Oil,1 litre,360,Cold Pressed Oil,cold-pressed-oils,Pungent cold-pressed mustard oil - kachi ghani strength for pickles and tadka.,,images/mustard-cold-pressed-oil-1l.jpg,products/mustard-cold-pressed-oil-1l/,
NB-133,desi-mamra-badam-cold-pressed-oil-100ml,Desi Mamra Badam Cold Pressed Oil,100 ml,600,Cold Pressed Oil,cold-pressed-oils,Cold-pressed almond oil from Kashmiri mamra badam - a little goes a long way.,,images/desi-mamra-badam-cold-pressed-oil-100ml.jpg,products/desi-mamra-badam-cold-pressed-oil-100ml/,
NB-134,mango-pickle-250g,Mango Pickle,250 gms,150,Pickles,pickles,Traditional mango pickle matured in peanut cold-pressed oil.,Made in peanut cold pressed oil…,images/mango-pickle-250g.jpg,products/mango-pickle-250g/,
NB-135,green-chilli-pickle-250g,Green Chilli Pickle,250 gms,150,Pickles,pickles,Fiery green chilli pickle in peanut cold-pressed oil.,Made in peanut cold pressed oil…,images/green-chilli-pickle-250g.jpg,products/green-chilli-pickle-250g/,
NB-136,amla-pickle-250g,Amla Pickle,250 gms,150,Pickles,pickles,Tangy amla (gooseberry) pickle in peanut cold-pressed oil.,Made in peanut cold pressed oil…,images/amla-pickle-250g.jpg,products/amla-pickle-250g/,
NB-137,mango-squash-1l,Mango Squash,1 litre,650,Summer Special Squashes,squashes,"Real mango squash sweetened with khand - no colour, preservatives or essence.","No preservatives, essence & colour. Made with Khand.",images/mango-squash-1l.jpg,products/mango-squash-1l/,
NB-138,lemon-squash-1l,Lemon Squash,1 litre,580,Summer Special Squashes,squashes,"Fresh lemon squash - just dilute and serve. No colour, preservatives or essence.","No colour, preservatives, essence…",images/lemon-squash-1l.jpg,products/lemon-squash-1l/,
NB-139,lemon-ginger-squash-1l,Lemon & Ginger Squash,1 litre,630,Summer Special Squashes,squashes,"Zingy lemon-ginger squash - a sharp, cooling summer mix with nothing artificial.","No colour, preservatives, essence…",images/lemon-ginger-squash-1l.jpg,products/lemon-ginger-squash-1l/,
NB-140,pineapple-squash-1l,Pineapple Squash,1 litre,630,Summer Special Squashes,squashes,"Tropical pineapple squash with no colour, preservatives or essence.","No colour, preservatives, essence…",images/pineapple-squash-1l.jpg,products/pineapple-squash-1l/,
NB-141,rose-squash-1l,Rose Squash,1 litre,580,Summer Special Squashes,squashes,Classic rose squash for milk sherbets and coolers - nothing artificial.,"No colour, preservatives, essence…",images/rose-squash-1l.jpg,products/rose-squash-1l/,
NB-142,gift-hamper,Gift Hamper,Customisable,,Gift Hampers,gift-hampers,"A customisable hamper of Nastro Blu sweets, dry fruits and pantry staples - built to your budget and occasion.",,images/gift-hamper.jpg,products/gift-hamper/,Price depends on customisation - shown in app without a fixed MRP.
